PE-131,physical-event-agent,IP-3,-3,topic-3
PE-132,physical-event-agent,IP-4,-3,topic-4
PE-133,physical-event-agent,IP-3,-3,topic-3
PE-134,physical-event-agent,IP-4,-3,topic-4
PE-135,physical-event-agent,IP-3,-3,topic-3
PE-136,physical-event-agent,IP-4,-3,topic-4
PE-137,physical-event-agent,IP-3,-3,topic-3
PE-138,physical-event-agent,IP-4,-3,topic-4
PE-139,physical-event-agent,IP-3,-3,topic-3
PE-140,physical-event-agent,IP-4,-3,topic-4
PE-141,physical-event-agent,IP-3,-3,topic-3
PE-142,physical-event-agent,IP-4,-3,topic-4
PE-143,physical-event-agent,IP-3,-3,topic-3
PE-144,physical-event-agent,IP-4,-3,topic-4
PE-145,physical-event-agent,IP-3,-3,topic-3
PE-146,physical-event-agent,IP-4,-3,topic-4
PE-147,physical-event-agent,IP-3,-3,topic-3
PE-148,physical-event-agent,IP-4,-3,topic-4
PE-149,physical-event-agent,IP-3,-3,topic-3
PE-150,physical-event-agent,IP-4,-3,topic-4
PE-151,physical-event-agent,IP-3,-3,topic-3
PE-152,physical-event-agent,IP-4,-3,topic-4
PE-153,physical-event-agent,IP-3,-3,topic-3
PE-154,physical-event-agent,IP-4,-3,topic-4
PE-155,physical-event-agent,IP-3,-3,topic-3
PE-156,physical-event-agent,IP-4,-3,topic-4
PE-157,physical-event-agent,IP-3,-3,topic-3
PE-158,physical-event-agent,IP-4,-3,topic-4
PE-159,physical-event-agent,IP-3,-3,topic-3
PE-160,physical-event-agent,IP-4,-3,topic-4
PE-161,physical-event-agent,IP-3,-3,topic-3
PE-162,physical-event-agent,IP-4,-3,topic-4
PE-163,physical-event-agent,IP-3,-3,topic-3
PE-164,physical-event-agent,IP-4,-3,topic-4
PE-165,physical-event-agent,IP-3,-3,topic-3
PE-166,physical-event-agent,IP-4,-3,topic-4
PE-167,physical-event-agent,IP-3,-3,topic-3
PE-168,physical-event-agent,IP-4,-3,topic-4
PE-169,physical-event-agent,IP-3,-3,topic-3
