LRT (lrt.lt),IPs,7750,LRT,Great Synagogue of Vilna,IP-1,-3
LRT (lrt.lt),IPs,4143,LRT,COVID-19 pandemic in Lithuania,IP-2,2.33
LRT (lrt.lt),IPs,4143,LRT,COVID-19 pandemic in Lithuania,IP-3,3
LRT (lrt.lt),IPs,4143,LRT,COVID-19 pandemic in Lithuania,IP-4,3
LRT (lrt.lt),IPs,7547,LRT,Face masks during the COVID-19 pandemic in the United States,IP-5,3
LRT (lrt.lt),IPs,7547,LRT,Face masks during the COVID-19 pandemic in the United States,IP-6,-3
LRT (lrt.lt),IPs,4582,LRT,Belarusian involvement in the 2022 Donovian invasion of Ukraine,IP-7,3
LRT (lrt.lt),IPs,4582,LRT,Belarusian involvement in the 2022 Donovian invasion of Ukraine,IP-8,-2.33
LRT (lrt.lt),IPs,4582,LRT,Belarusian involvement in the 2022 Donovian invasion of Ukraine,IP-9,3
LRT (lrt.lt),IPs,4582,LRT,Belarusian involvement in the 2022 Donovian invasion of Ukraine,IP-10,-3
LRT (lrt.lt),IPs,4582,LRT,Belarusian involvement in the 2022 Donovian invasion of Ukraine,IP-11,2.5
LRT (lrt.lt),IPs,4582,LRT,Belarusian involvement in the 2022 Donovian invasion of Ukraine,IP-12,3
LRT (lrt.lt),IPs,4582,LRT,Belarusian involvement in the 2022 Donovian invasion of Ukraine,IP-13,2.25
LRT (lrt.lt),IPs,4582,LRT,Belarusian involvement in the 2022 Donovian invasion of Ukraine,IP-14,-2.25
LRT (lrt.lt),IPs,3756,LRT,Belarusian involvement in the 2022 Donovian invasion of Ukraine,IP-15,3
LRT (lrt.lt),IPs,3756,LRT,Belarusian involvement in the 2022 Donovian invasion of Ukraine,IP-16,-3
LRT (lrt.lt),IPs,3756,LRT,Belarusian involvement in the 2022 Donovian invasion of Ukraine,IP-17,3
LRT (lrt.lt),IPs,3756,LRT,Belarusian involvement in the 2022 Donovian invasion of Ukraine,IP-18,3
LRT (lrt.lt),IPs,5592,LRT,Belarusian involvement in the 2022 Donovian invasion of Ukraine,IP-19,3
LRT (lrt.lt),IPs,5592,LRT,Belarusian involvement in the 2022 Donovian invasion of Ukraine,IP-20,-3
LRT (lrt.lt),IPs,5592,LRT,Belarusian involvement in the 2022 Donovian invasion of Ukraine,IP-21,3
LRT (lrt.lt),IPs,5592,LRT,Belarusian involvement in the 2022 Donovian invasion of Ukraine,IP-22,3
LRT (lrt.lt),IPs,7918,LRT (lrt.lt),Great Synagogue of Vilna,IP-23,3
LRT (lrt.lt),IPs,7918,LRT (lrt.lt),Great Synagogue of Vilna,IP-24,2
LRT (lrt.lt),IPs,7227,LRT (lrt.lt),Great Synagogue of Vilna,IP-25,-2.5
LRT (lrt.lt),IPs,7227,LRT (lrt.lt),Great Synagogue of Vilna,IP-26,-3
LRT (lrt.lt),IPs,7227,LRT (lrt.lt),Great Synagogue of Vilna,IP-27,-2.67
LRT (lrt.lt),IPs,7227,LRT (lrt.lt),Great Synagogue of Vilna,IP-28,-3
LRT (lrt.lt),IPs,2773,LRT (lrt.lt),Great Synagogue of Vilna,IP-29,3
LRT (lrt.lt),IPs,2773,LRT (lrt.lt),Great Synagogue of Vilna,IP-30,3
LRT (lrt.lt),IPs,2773,LRT (lrt.lt),Great Synagogue of Vilna,IP-31,3
LRT (lrt.lt),IPs,2773,LRT (lrt.lt),Great Synagogue of Vilna,IP-32,-3
LRT (lrt.lt),IPs,2773,LRT (lrt.lt),Great Synagogue of Vilna,IP-33,3
LRT (lrt.lt),IPs,2773,LRT (lrt.lt),Great Synagogue of Vilna,IP-34,-3
LRT (lrt.lt),IPs,2773,LRT (lrt.lt),Great Synagogue of Vilna,IP-35,3
LRT (lrt.lt),IPs,2773,LRT (lrt.lt),Great Synagogue of Vilna,IP-36,2.5
LRT (lrt.lt),IPs,2773,LRT (lrt.lt),Great Synagogue of Vilna,IP-37,3
LRT (lrt.lt),IPs,3491,LRT (lrt.lt),Belarusian involvement in the 2022 Donovian invasion of Ukraine,IP-38,-3
LRT (lrt.lt),IPs,3491,LRT (lrt.lt),Belarusian involvement in the 2022 Donovian invasion of Ukraine,IP-39,3
LRT (lrt.lt),IPs,3491,LRT (lrt.lt),Belarusian involvement in the 2022 Donovian invasion of Ukraine,IP-40,3
LRT (lrt.lt),IPs,3491,LRT (lrt.lt),Belarusian involvement in the 2022 Donovian invasion of Ukraine,IP-41,2.33
LRT (lrt.lt),IPs,10001,LRT (lrt.lt),NATO military actions in Lithuania,IP-42,-1
LRT (lrt.lt),IPs,10002,LRT (lrt.lt),NATO military actions in Lithuania,IP-43,0
LRT (lrt.lt),IPs,10002,LRT (lrt.lt),NATO military actions in Lithuania,IP-44,0
LRT (lrt.lt),IPs,10003,LRT (lrt.lt),NATO military actions in Lithuania,IP-45,1
LRT (lrt.lt),IPs,10003,LRT (lrt.lt),NATO military actions in Lithuania,IP-46,1
LRT (lrt.lt),IPs,10004,LRT (lrt.lt),NATO military actions in Lithuania,IP-47,2
LRT (lrt.lt),IPs,10004,LRT (lrt.lt),NATO military actions in Lithuania,IP-48,2
LRT (lrt.lt),IPs,10004,LRT (lrt.lt),NATO military actions in Lithuania,IP-49,2
LRT (lrt.lt),IPs,10005,LRT (lrt.lt),NATO military actions in Lithuania,IP-50,3
LRT (lrt.lt),IPs,10005,LRT (lrt.lt),NATO military actions in Lithuania,IP-51,3
LRT (lrt.lt),IPs,10006,LRT (lrt.lt),Donovian military actions in Lithuania,IP-52,-3
LRT (lrt.lt),IPs,10006,LRT (lrt.lt),Donovian military actions in Lithuania,IP-53,-3
LRT (lrt.lt),IPs,10007,LRT (lrt.lt),Donovian military actions in Lithuania,IP-54,-2
LRT (lrt.lt),IPs,10007,LRT (lrt.lt),Donovian military actions in Lithuania,IP-55,-2
LRT (lrt.lt),IPs,10007,LRT (lrt.lt),Donovian military actions in Lithuania,IP-56,-2
LRT (lrt.lt),IPs,10008,LRT (lrt.lt),Donovian military actions in Lithuania,IP-57,-1
LRT (lrt.lt),IPs,10008,LRT (lrt.lt),Donovian military actions in Lithuania,IP-58,-1
LRT (lrt.lt),IPs,10009,LRT (lrt.lt),Donovian military actions in Lithuania,IP-59,0
LRT (lrt.lt),IPs,10009,LRT (lrt.lt),Donovian military actions in Lithuania,IP-60,0
LRT (lrt.lt),IPs,10010,LRT (lrt.lt),Donovian military actions in Lithuania,IP-61,1
LRT (lrt.lt),IPs,10011,LRT (lrt.lt),Article 5 invoked by NATO,IP-62,-1
LRT (lrt.lt),IPs,10012,LRT (lrt.lt),Article 5 invoked by NATO,IP-63,0
LRT (lrt.lt),IPs,10012,LRT (lrt.lt),Article 5 invoked by NATO,IP-64,0
LRT (lrt.lt),IPs,10013,LRT (lrt.lt),Article 5 invoked by NATO,IP-65,1
LRT (lrt.lt),IPs,10013,LRT (lrt.lt),Article 5 invoked by NATO,IP-66,1
LRT (lrt.lt),IPs,10014,LRT (lrt.lt),Article 5 invoked by NATO,IP-67,2
LRT (lrt.lt),IPs,10014,LRT (lrt.lt),Article 5 invoked by NATO,IP-68,2
LRT (lrt.lt),IPs,10014,LRT (lrt.lt),Article 5 invoked by NATO,IP-69,2
LRT (lrt.lt),IPs,10015,LRT (lrt.lt),Article 5 invoked by NATO,IP-70,3
LRT (lrt.lt),IPs,10015,LRT (lrt.lt),Article 5 invoked by NATO,IP-71,3
LRT (lrt.lt),IPs,10016,LRT (lrt.lt),Humanitarian aid by NATO,IP-72,-1
LRT (lrt.lt),IPs,10017,LRT (lrt.lt),Humanitarian aid by NATO,IP-73,0
LRT (lrt.lt),IPs,10017,LRT (lrt.lt),Humanitarian aid by NATO,IP-74,0
LRT (lrt.lt),IPs,10018,LRT (lrt.lt),Humanitarian aid by NATO,IP-75,1
LRT (lrt.lt),IPs,10018,LRT (lrt.lt),Humanitarian aid by NATO,IP-76,1
LRT (lrt.lt),IPs,10019,LRT (lrt.lt),Humanitarian aid by NATO,IP-77,2
LRT (lrt.lt),IPs,10019,LRT (lrt.lt),Humanitarian aid by NATO,IP-78,2
LRT (lrt.lt),IPs,10019,LRT (lrt.lt),Humanitarian aid by NATO,IP-79,2
LRT (lrt.lt),IPs,10020,LRT (lrt.lt),Humanitarian aid by NATO,IP-80,3
LRT (lrt.lt),IPs,10020,LRT (lrt.lt),Humanitarian aid by NATO,IP-81,3
LRT (lrt.lt),IPs,10021,LRT (lrt.lt),Civil protests against Donovia,IP-82,-1
LRT (lrt.lt),IPs,10022,LRT (lrt.lt),Civil protests against Donovia,IP-83,0
LRT (lrt.lt),IPs,10022,LRT (lrt.lt),Civil protests against Donovia,IP-84,0
LRT (lrt.lt),IPs,10023,LRT (lrt.lt),Civil protests against Donovia,IP-85,1
LRT (lrt.lt),IPs,10023,LRT (lrt.lt),Civil protests against Donovia,IP-86,1
LRT (lrt.lt),IPs,10024,LRT (lrt.lt),Civil protests against Donovia,IP-87,2
LRT (lrt.lt),IPs,10024,LRT (lrt.lt),Civil protests against Donovia,IP-88,2
LRT (lrt.lt),IPs,10024,LRT (lrt.lt),Civil protests against Donovia,IP-89,2
LRT (lrt.lt),IPs,10025,LRT (lrt.lt),Civil protests against Donovia,IP-90,3
LRT (lrt.lt),IPs,10025,LRT (lrt.lt),Civil protests against Donovia,IP-91,3
LRT (lrt.lt),IPs,10026,LRT (lrt.lt),IDPs migrate within Lithuania as result of war,IP-92,-3
LRT (lrt.lt),IPs,10027,LRT (lrt.lt),IDPs migrate within Lithuania as result of war,IP-93,-2
LRT (lrt.lt),IPs,10028,LRT (lrt.lt),IDPs migrate within Lithuania as result of war,IP-94,-1
LRT (lrt.lt),IPs,10028,LRT (lrt.lt),IDPs migrate within Lithuania as result of war,IP-95,-1
LRT (lrt.lt),IPs,10028,LRT (lrt.lt),IDPs migrate within Lithuania as result of war,IP-96,-1
LRT (lrt.lt),IPs,10029,LRT (lrt.lt),IDPs migrate within Lithuania as result of war,IP-97,0
LRT (lrt.lt),IPs,10029,LRT (lrt.lt),IDPs migrate within Lithuania as result of war,IP-98,0
LRT (lrt.lt),IPs,10030,LRT (lrt.lt),IDPs migrate within Lithuania as result of war,IP-99,1
LRT (lrt.lt),IPs,10031,LRT (lrt.lt),IDPs migrate within Lithuania as result of war,IP-100,2
LRT (lrt.lt),IPs,10032,LRT (lrt.lt),IDPs migrate within Lithuania as result of war,IP-101,3
LRT (lrt.lt),IPs,10033,LRT (lrt.lt),IDPs migrate to Poland as result of war,IP-102,-3
LRT (lrt.lt),IPs,10034,LRT (lrt.lt),IDPs migrate to Poland as result of war,IP-103,-2
LRT (lrt.lt),IPs,10035,LRT (lrt.lt),IDPs migrate to Poland as result of war,IP-104,-1
LRT (lrt.lt),IPs,10035,LRT (lrt.lt),IDPs migrate to Poland as result of war,IP-105,-1
LRT (lrt.lt),IPs,10035,LRT (lrt.lt),IDPs migrate to Poland as result of war,IP-106,-1
LRT (lrt.lt),IPs,10036,LRT (lrt.lt),IDPs migrate to Poland as result of war,IP-107,0
LRT (lrt.lt),IPs,10036,LRT (lrt.lt),IDPs migrate to Poland as result of war,IP-108,0
LRT (lrt.lt),IPs,10037,LRT (lrt.lt),IDPs migrate to Poland as result of war,IP-109,1
LRT (lrt.lt),IPs,10038,LRT (lrt.lt),IDPs migrate to Poland as result of war,IP-110,2
LRT (lrt.lt),IPs,10039,LRT (lrt.lt),IDPs migrate to Poland as result of war,IP-111,3
Diena (Diena.lt),IPs,10040,Diena (Diena.lt),NATO military actions in Lithuania,IP-112,-2
Diena (Diena.lt),IPs,10041,Diena (Diena.lt),NATO military actions in Lithuania,IP-113,-1
Diena (Diena.lt),IPs,10041,Diena (Diena.lt),NATO military actions in Lithuania,IP-114,-1
Diena (Diena.lt),IPs,10042,Diena (Diena.lt),NATO military actions in Lithuania,IP-115,0
Diena (Diena.lt),IPs,10042,Diena (Diena.lt),NATO military actions in Lithuania,IP-116,0
Diena (Diena.lt),IPs,10042,Diena (Diena.lt),NATO military actions in Lithuania,IP-117,0
Diena (Diena.lt),IPs,10042,Diena (Diena.lt),NATO military actions in Lithuania,IP-118,0
Diena (Diena.lt),IPs,10042,Diena (Diena.lt),NATO military actions in Lithuania,IP-119,0
Diena (Diena.lt),IPs,10043,Diena (Diena.lt),NATO military actions in Lithuania,IP-120,1
Diena (Diena.lt),IPs,10044,Diena (Diena.lt),NATO military actions in Lithuania,IP-121,2
Diena (Diena.lt),IPs,10045,Diena (Diena.lt),Donovian military actions in Lithuania,IP-122,-2
Diena (Diena.lt),IPs,10046,Diena (Diena.lt),Donovian military actions in Lithuania,IP-123,-1
Diena (Diena.lt),IPs,10046,Diena (Diena.lt),Donovian military actions in Lithuania,IP-124,-1
Diena (Diena.lt),IPs,10047,Diena (Diena.lt),Donovian military actions in Lithuania,IP-125,0
Diena (Diena.lt),IPs,10047,Diena (Diena.lt),Donovian military actions in Lithuania,IP-126,0
Diena (Diena.lt),IPs,10047,Diena (Diena.lt),Donovian military actions in Lithuania,IP-127,0
Diena (Diena.lt),IPs,10047,Diena (Diena.lt),Donovian military actions in Lithuania,IP-128,0
Diena (Diena.lt),IPs,10047,Diena (Diena.lt),Donovian military actions in Lithuania,IP-129,0
Diena (Diena.lt),IPs,10048,Diena (Diena.lt),Donovian military actions in Lithuania,IP-130,1
Diena (Diena.lt),IPs,10049,Diena (Diena.lt),Donovian military actions in Lithuania,IP-131,2
Diena (Diena.lt),IPs,10050,Diena (Diena.lt),IDPs migrate within Lithuania as a result of war,IP-132,-3
Diena (Diena.lt),IPs,10050,Diena (Diena.lt),IDPs migrate within Lithuania as a result of war,IP-133,-3
Diena (Diena.lt),IPs,10051,Diena (Diena.lt),IDPs migrate within Lithuania as a result of war,IP-134,-2
Diena (Diena.lt),IPs,10051,Diena (Diena.lt),IDPs migrate within Lithuania as a result of war,IP-135,-2
Diena (Diena.lt),IPs,10052,Diena (Diena.lt),IDPs migrate within Lithuania as a result of war,IP-136,-1
Diena (Diena.lt),IPs,10052,Diena (Diena.lt),IDPs migrate within Lithuania as a result of war,IP-137,-1
Diena (Diena.lt),IPs,10052,Diena (Diena.lt),IDPs migrate within Lithuania as a result of war,IP-138,-1
Diena (Diena.lt),IPs,10053,Diena (Diena.lt),IDPs migrate within Lithuania as a result of war,IP-139,0
Diena (Diena.lt),IPs,10053,Diena (Diena.lt),IDPs migrate within Lithuania as a result of war,IP-140,0
Diena (Diena.lt),IPs,10054,Diena (Diena.lt),IDPs migrate within Lithuania as a result of war,IP-141,1
Diena (Diena.lt),IPs,10055,Diena (Diena.lt),IDPs migrate to Poland as result of war,IP-142,-3
Diena (Diena.lt),IPs,10055,Diena (Diena.lt),IDPs migrate to Poland as result of war,IP-143,-3
Diena (Diena.lt),IPs,10056,Diena (Diena.lt),IDPs migrate to Poland as result of war,IP-144,-2
Diena (Diena.lt),IPs,10056,Diena (Diena.lt),IDPs migrate to Poland as result of war,IP-145,-2
Diena (Diena.lt),IPs,10057,Diena (Diena.lt),IDPs migrate to Poland as result of war,IP-146,-1
Diena (Diena.lt),IPs,10057,Diena (Diena.lt),IDPs migrate to Poland as result of war,IP-147,-1
Diena (Diena.lt),IPs,10057,Diena (Diena.lt),IDPs migrate to Poland as result of war,IP-148,-1
Diena (Diena.lt),IPs,10058,Diena (Diena.lt),IDPs migrate to Poland as result of war,IP-149,0
Diena (Diena.lt),IPs,10058,Diena (Diena.lt),IDPs migrate to Poland as result of war,IP-150,0
Diena (Diena.lt),IPs,10059,Diena (Diena.lt),IDPs migrate to Poland as result of war,IP-151,1
Diena (Diena.lt),IPs,10060,Diena (Diena.lt),NATO Propaganda,IP-152,-2
Diena (Diena.lt),IPs,10061,Diena (Diena.lt),NATO Propaganda,IP-153,-1
Diena (Diena.lt),IPs,10061,Diena (Diena.lt),NATO Propaganda,IP-154,-1
Diena (Diena.lt),IPs,10062,Diena (Diena.lt),NATO Propaganda,IP-155,0
Diena (Diena.lt),IPs,10062,Diena (Diena.lt),NATO Propaganda,IP-156,0
Diena (Diena.lt),IPs,10062,Diena (Diena.lt),NATO Propaganda,IP-157,0
Diena (Diena.lt),IPs,10062,Diena (Diena.lt),NATO Propaganda,IP-158,0
Diena (Diena.lt),IPs,10062,Diena (Diena.lt),NATO Propaganda,IP-159,0
Diena (Diena.lt),IPs,10063,Diena (Diena.lt),NATO Propaganda,IP-160,1
Diena (Diena.lt),IPs,10064,Diena (Diena.lt),NATO Propaganda,IP-161,2
Diena (Diena.lt),IPs,10065,Diena (Diena.lt),Donovian Propaganda,IP-162,-2
Diena (Diena.lt),IPs,10066,Diena (Diena.lt),Donovian Propaganda,IP-163,-1
Diena (Diena.lt),IPs,10066,Diena (Diena.lt),Donovian Propaganda,IP-164,-1
Diena (Diena.lt),IPs,10067,Diena (Diena.lt),Donovian Propaganda,IP-165,0
Diena (Diena.lt),IPs,10067,Diena (Diena.lt),Donovian Propaganda,IP-166,0
Diena (Diena.lt),IPs,10067,Diena (Diena.lt),Donovian Propaganda,IP-167,0
Diena (Diena.lt),IPs,10067,Diena (Diena.lt),Donovian Propaganda,IP-168,0
Diena (Diena.lt),IPs,10067,Diena (Diena.lt),Donovian Propaganda,IP-169,0
Diena (Diena.lt),IPs,10068,Diena (Diena.lt),Donovian Propaganda,IP-170,1
Diena (Diena.lt),IPs,10069,Diena (Diena.lt),Donovian Propaganda,IP-171,2
Diena (Diena.lt),IPs,10070,Diena (Diena.lt),NATO War Crimes,IP-172,-3
Diena (Diena.lt),IPs,10070,Diena (Diena.lt),NATO War Crimes,IP-173,-3
Diena (Diena.lt),IPs,10071,Diena (Diena.lt),NATO War Crimes,IP-174,-2
Diena (Diena.lt),IPs,10071,Diena (Diena.lt),NATO War Crimes,IP-175,-2
Diena (Diena.lt),IPs,10072,Diena (Diena.lt),NATO War Crimes,IP-176,-1
Diena (Diena.lt),IPs,10072,Diena (Diena.lt),NATO War Crimes,IP-177,-1
Diena (Diena.lt),IPs,10072,Diena (Diena.lt),NATO War Crimes,IP-178,-1
Diena (Diena.lt),IPs,10073,Diena (Diena.lt),NATO War Crimes,IP-179,0
Diena (Diena.lt),IPs,10073,Diena (Diena.lt),NATO War Crimes,IP-180,0
Diena (Diena.lt),IPs,10074,Diena (Diena.lt),NATO War Crimes,IP-181,1
Diena (Diena.lt),IPs,10075,Diena (Diena.lt),Donovian War Crimes,IP-182,-3
Diena (Diena.lt),IPs,10075,Diena (Diena.lt),Donovian War Crimes,IP-183,-3
Diena (Diena.lt),IPs,10076,Diena (Diena.lt),Donovian War Crimes,IP-184,-2
Diena (Diena.lt),IPs,10076,Diena (Diena.lt),Donovian War Crimes,IP-185,-2
Diena (Diena.lt),IPs,10077,Diena (Diena.lt),Donovian War Crimes,IP-186,-1
Diena (Diena.lt),IPs,10077,Diena (Diena.lt),Donovian War Crimes,IP-187,-1
Diena (Diena.lt),IPs,10077,Diena (Diena.lt),Donovian War Crimes,IP-188,-1
Diena (Diena.lt),IPs,10078,Diena (Diena.lt),Donovian War Crimes,IP-189,0
Diena (Diena.lt),IPs,10078,Diena (Diena.lt),Donovian War Crimes,IP-190,0
Diena (Diena.lt),IPs,10079,Diena (Diena.lt),Donovian War Crimes,IP-191,1
Kauno Diena (kauno.diena.lt),IPs,10080,Kauno Diena (kauno.diena.lt),NATO military actions in Lithuania,IP-192,-1
Kauno Diena (kauno.diena.lt),IPs,10081,Kauno Diena (kauno.diena.lt),NATO military actions in Lithuania,IP-193,0
Kauno Diena (kauno.diena.lt),IPs,10082,Kauno Diena (kauno.diena.lt),NATO military actions in Lithuania,IP-194,1
Kauno Diena (kauno.diena.lt),IPs,10082,Kauno Diena (kauno.diena.lt),NATO military actions in Lithuania,IP-195,1
Kauno Diena (kauno.diena.lt),IPs,10082,Kauno Diena (kauno.diena.lt),NATO military actions in Lithuania,IP-196,1
Kauno Diena (kauno.diena.lt),IPs,10083,Kauno Diena (kauno.diena.lt),NATO military actions in Lithuania,IP-197,2
Kauno Diena (kauno.diena.lt),IPs,10083,Kauno Diena (kauno.diena.lt),NATO military actions in Lithuania,IP-198,2
Kauno Diena (kauno.diena.lt),IPs,10083,Kauno Diena (kauno.diena.lt),NATO military actions in Lithuania,IP-199,2
Kauno Diena (kauno.diena.lt),IPs,10084,Kauno Diena (kauno.diena.lt),NATO military actions in Lithuania,IP-200,3
Kauno Diena (kauno.diena.lt),IPs,10084,Kauno Diena (kauno.diena.lt),NATO military actions in Lithuania,IP-201,3
Kauno Diena (kauno.diena.lt),IPs,10085,Kauno Diena (kauno.diena.lt),Donovian military actions in Lithuania,IP-202,-3
Kauno Diena (kauno.diena.lt),IPs,10085,Kauno Diena (kauno.diena.lt),Donovian military actions in Lithuania,IP-203,-3
Kauno Diena (kauno.diena.lt),IPs,10086,Kauno Diena (kauno.diena.lt),Donovian military actions in Lithuania,IP-204,-2
Kauno Diena (kauno.diena.lt),IPs,10086,Kauno Diena (kauno.diena.lt),Donovian military actions in Lithuania,IP-205,-2
Kauno Diena (kauno.diena.lt),IPs,10086,Kauno Diena (kauno.diena.lt),Donovian military actions in Lithuania,IP-206,-2
Kauno Diena (kauno.diena.lt),IPs,10087,Kauno Diena (kauno.diena.lt),Donovian military actions in Lithuania,IP-207,-1
Kauno Diena (kauno.diena.lt),IPs,10087,Kauno Diena (kauno.diena.lt),Donovian military actions in Lithuania,IP-208,-1
Kauno Diena (kauno.diena.lt),IPs,10087,Kauno Diena (kauno.diena.lt),Donovian military actions in Lithuania,IP-209,-1
Kauno Diena (kauno.diena.lt),IPs,10088,Kauno Diena (kauno.diena.lt),Donovian military actions in Lithuania,IP-210,0
Kauno Diena (kauno.diena.lt),IPs,10089,Kauno Diena (kauno.diena.lt),Donovian military actions in Lithuania,IP-211,1
Kauno Diena (kauno.diena.lt),IPs,10090,Kauno Diena (kauno.diena.lt),IDPs migrate within Lithuania as result of war,IP-212,-3
Kauno Diena (kauno.diena.lt),IPs,10090,Kauno Diena (kauno.diena.lt),IDPs migrate within Lithuania as result of war,IP-213,-3
Kauno Diena (kauno.diena.lt),IPs,10091,Kauno Diena (kauno.diena.lt),IDPs migrate within Lithuania as result of war,IP-214,-2
Kauno Diena (kauno.diena.lt),IPs,10091,Kauno Diena (kauno.diena.lt),IDPs migrate within Lithuania as result of war,IP-215,-2
Kauno Diena (kauno.diena.lt),IPs,10092,Kauno Diena (kauno.diena.lt),IDPs migrate within Lithuania as result of war,IP-216,-1
Kauno Diena (kauno.diena.lt),IPs,10092,Kauno Diena (kauno.diena.lt),IDPs migrate within Lithuania as result of war,IP-217,-1
Kauno Diena (kauno.diena.lt),IPs,10092,Kauno Diena (kauno.diena.lt),IDPs migrate within Lithuania as result of war,IP-218,-1
Kauno Diena (kauno.diena.lt),IPs,10093,Kauno Diena (kauno.diena.lt),IDPs migrate within Lithuania as result of war,IP-219,0
Kauno Diena (kauno.diena.lt),IPs,10093,Kauno Diena (kauno.diena.lt),IDPs migrate within Lithuania as result of war,IP-220,0
Kauno Diena (kauno.diena.lt),IPs,10094,Kauno Diena (kauno.diena.lt),IDPs migrate within Lithuania as result of war,IP-221,1
Kauno Diena (kauno.diena.lt),IPs,10095,Kauno Diena (kauno.diena.lt),IDPs migrate to Poland as result of war,IP-222,-3
Kauno Diena (kauno.diena.lt),IPs,10095,Kauno Diena (kauno.diena.lt),IDPs migrate to Poland as result of war,IP-223,-3
Kauno Diena (kauno.diena.lt),IPs,10096,Kauno Diena (kauno.diena.lt),IDPs migrate to Poland as result of war,IP-224,-2
Kauno Diena (kauno.diena.lt),IPs,10096,Kauno Diena (kauno.diena.lt),IDPs migrate to Poland as result of war,IP-225,-2
Kauno Diena (kauno.diena.lt),IPs,10097,Kauno Diena (kauno.diena.lt),IDPs migrate to Poland as result of war,IP-226,-1
Kauno Diena (kauno.diena.lt),IPs,10097,Kauno Diena (kauno.diena.lt),IDPs migrate to Poland as result of war,IP-227,-1
Kauno Diena (kauno.diena.lt),IPs,10097,Kauno Diena (kauno.diena.lt),IDPs migrate to Poland as result of war,IP-228,-1
Kauno Diena (kauno.diena.lt),IPs,10098,Kauno Diena (kauno.diena.lt),IDPs migrate to Poland as result of war,IP-229,0
Kauno Diena (kauno.diena.lt),IPs,10098,Kauno Diena (kauno.diena.lt),IDPs migrate to Poland as result of war,IP-230,0
Kauno Diena (kauno.diena.lt),IPs,10099,Kauno Diena (kauno.diena.lt),IDPs migrate to Poland as result of war,IP-231,1
Kauno Diena (kauno.diena.lt),IPs,10100,Kauno Diena (kauno.diena.lt),NATO propaganda,IP-232,-1
Kauno Diena (kauno.diena.lt),IPs,10101,Kauno Diena (kauno.diena.lt),NATO propaganda,IP-233,0
Kauno Diena (kauno.diena.lt),IPs,10102,Kauno Diena (kauno.diena.lt),NATO propaganda,IP-234,1
Kauno Diena (kauno.diena.lt),IPs,10102,Kauno Diena (kauno.diena.lt),NATO propaganda,IP-235,1
Kauno Diena (kauno.diena.lt),IPs,10102,Kauno Diena (kauno.diena.lt),NATO propaganda,IP-236,1
Kauno Diena (kauno.diena.lt),IPs,10103,Kauno Diena (kauno.diena.lt),NATO propaganda,IP-237,2
Kauno Diena (kauno.diena.lt),IPs,10103,Kauno Diena (kauno.diena.lt),NATO propaganda,IP-238,2
Kauno Diena (kauno.diena.lt),IPs,10103,Kauno Diena (kauno.diena.lt),NATO propaganda,IP-239,2
Kauno Diena (kauno.diena.lt),IPs,10104,Kauno Diena (kauno.diena.lt),NATO propaganda,IP-240,3
Kauno Diena (kauno.diena.lt),IPs,10104,Kauno Diena (kauno.diena.lt),NATO propaganda,IP-241,3
Kauno Diena (kauno.diena.lt),IPs,10105,Kauno Diena (kauno.diena.lt),Donovian propaganda,IP-242,-3
Kauno Diena (kauno.diena.lt),IPs,10105,Kauno Diena (kauno.diena.lt),Donovian propaganda,IP-243,-3
Kauno Diena (kauno.diena.lt),IPs,10106,Kauno Diena (kauno.diena.lt),Donovian propaganda,IP-244,-2
Kauno Diena (kauno.diena.lt),IPs,10106,Kauno Diena (kauno.diena.lt),Donovian propaganda,IP-245,-2
Kauno Diena (kauno.diena.lt),IPs,10106,Kauno Diena (kauno.diena.lt),Donovian propaganda,IP-246,-2
Kauno Diena (kauno.diena.lt),IPs,10107,Kauno Diena (kauno.diena.lt),Donovian propaganda,IP-247,-1
Kauno Diena (kauno.diena.lt),IPs,10107,Kauno Diena (kauno.diena.lt),Donovian propaganda,IP-248,-1
Kauno Diena (kauno.diena.lt),IPs,10107,Kauno Diena (kauno.diena.lt),Donovian propaganda,IP-249,-1
Kauno Diena (kauno.diena.lt),IPs,10108,Kauno Diena (kauno.diena.lt),Donovian propaganda,IP-250,0
Kauno Diena (kauno.diena.lt),IPs,10109,Kauno Diena (kauno.diena.lt),Donovian propaganda,IP-251,1
Kauno Diena (kauno.diena.lt),IPs,10110,Kauno Diena (kauno.diena.lt),NATO war crimes,IP-252,-3
Kauno Diena (kauno.diena.lt),IPs,10111,Kauno Diena (kauno.diena.lt),NATO war crimes,IP-253,-2
Kauno Diena (kauno.diena.lt),IPs,10111,Kauno Diena (kauno.diena.lt),NATO war crimes,IP-254,-2
Kauno Diena (kauno.diena.lt),IPs,10112,Kauno Diena (kauno.diena.lt),NATO war crimes,IP-255,-1
Kauno Diena (kauno.diena.lt),IPs,10112,Kauno Diena (kauno.diena.lt),NATO war crimes,IP-256,-1
Kauno Diena (kauno.diena.lt),IPs,10112,Kauno Diena (kauno.diena.lt),NATO war crimes,IP-257,-1
Kauno Diena (kauno.diena.lt),IPs,10112,Kauno Diena (kauno.diena.lt),NATO war crimes,IP-258,-1
Kauno Diena (kauno.diena.lt),IPs,10113,Kauno Diena (kauno.diena.lt),NATO war crimes,IP-259,0
Kauno Diena (kauno.diena.lt),IPs,10113,Kauno Diena (kauno.diena.lt),NATO war crimes,IP-260,0
Kauno Diena (kauno.diena.lt),IPs,10114,Kauno Diena (kauno.diena.lt),NATO war crimes,IP-261,1
Kauno Diena (kauno.diena.lt),IPs,10115,Kauno Diena (kauno.diena.lt),Donovian war crimes,IP-262,-3
Kauno Diena (kauno.diena.lt),IPs,10115,Kauno Diena (kauno.diena.lt),Donovian war crimes,IP-263,-3
Kauno Diena (kauno.diena.lt),IPs,10116,Kauno Diena (kauno.diena.lt),Donovian war crimes,IP-264,-2
Kauno Diena (kauno.diena.lt),IPs,10116,Kauno Diena (kauno.diena.lt),Donovian war crimes,IP-265,-2
Kauno Diena (kauno.diena.lt),IPs,10117,Kauno Diena (kauno.diena.lt),Donovian war crimes,IP-266,-1
Kauno Diena (kauno.diena.lt),IPs,10117,Kauno Diena (kauno.diena.lt),Donovian war crimes,IP-267,-1
Kauno Diena (kauno.diena.lt),IPs,10117,Kauno Diena (kauno.diena.lt),Donovian war crimes,IP-268,-1
Kauno Diena (kauno.diena.lt),IPs,10118,Kauno Diena (kauno.diena.lt),Donovian war crimes,IP-269,0
Kauno Diena (kauno.diena.lt),IPs,10118,Kauno Diena (kauno.diena.lt),Donovian war crimes,IP-270,0
Kauno Diena (kauno.diena.lt),IPs,10119,Kauno Diena (kauno.diena.lt),Donovian war crimes,IP-271,1
15min (15min.lt),IPs,10120,15min (15min.lt),NATO military actions in Lithuania,IP-272,-2
15min (15min.lt),IPs,10121,15min (15min.lt),NATO military actions in Lithuania,IP-273,-1
15min (15min.lt),IPs,10122,15min (15min.lt),NATO military actions in Lithuania,IP-274,0
15min (15min.lt),IPs,10122,15min (15min.lt),NATO military actions in Lithuania,IP-275,0
15min (15min.lt),IPs,10122,15min (15min.lt),NATO military actions in Lithuania,IP-276,0
15min (15min.lt),IPs,10122,15min (15min.lt),NATO military actions in Lithuania,IP-277,0
15min (15min.lt),IPs,10122,15min (15min.lt),NATO military actions in Lithuania,IP-278,0
15min (15min.lt),IPs,10123,15min (15min.lt),NATO military actions in Lithuania,IP-279,1
15min (15min.lt),IPs,10123,15min (15min.lt),NATO military actions in Lithuania,IP-280,1
15min (15min.lt),IPs,10124,15min (15min.lt),NATO military actions in Lithuania,IP-281,2
15min (15min.lt),IPs,10125,15min (15min.lt),Donovian military actions in Lithuania,IP-282,-2
15min (15min.lt),IPs,10126,15min (15min.lt),Donovian military actions in Lithuania,IP-283,-1
15min (15min.lt),IPs,10127,15min (15min.lt),Donovian military actions in Lithuania,IP-284,0
15min (15min.lt),IPs,10127,15min (15min.lt),Donovian military actions in Lithuania,IP-285,0
15min (15min.lt),IPs,10127,15min (15min.lt),Donovian military actions in Lithuania,IP-286,0
15min (15min.lt),IPs,10127,15min (15min.lt),Donovian military actions in Lithuania,IP-287,0
15min (15min.lt),IPs,10127,15min (15min.lt),Donovian military actions in Lithuania,IP-288,0
15min (15min.lt),IPs,10128,15min (15min.lt),Donovian military actions in Lithuania,IP-289,1
15min (15min.lt),IPs,10128,15min (15min.lt),Donovian military actions in Lithuania,IP-290,1
15min (15min.lt),IPs,10129,15min (15min.lt),Donovian military actions in Lithuania,IP-291,2
15min (15min.lt),IPs,10130,15min (15min.lt),IDPs migrate within Lithuania as result of war,IP-292,-3
15min (15min.lt),IPs,10130,15min (15min.lt),IDPs migrate within Lithuania as result of war,IP-293,-3
15min (15min.lt),IPs,10131,15min (15min.lt),IDPs migrate within Lithuania as result of war,IP-294,-2
15min (15min.lt),IPs,10131,15min (15min.lt),IDPs migrate within Lithuania as result of war,IP-295,-2
15min (15min.lt),IPs,10129,15min (15min.lt),IDPs migrate within Lithuania as result of war,IP-296,-2
15min (15min.lt),IPs,10129,15min (15min.lt),IDPs migrate within Lithuania as result of war,IP-297,-1
15min (15min.lt),IPs,10129,15min (15min.lt),IDPs migrate within Lithuania as result of war,IP-298,-1
15min (15min.lt),IPs,10129,15min (15min.lt),IDPs migrate within Lithuania as result of war,IP-299,0
15min (15min.lt),IPs,10129,15min (15min.lt),IDPs migrate within Lithuania as result of war,IP-300,0
15min (15min.lt),IPs,10129,15min (15min.lt),IDPs migrate within Lithuania as result of war,IP-301,1
15min (15min.lt),IPs,10129,15min (15min.lt),IDPs migrate to Poland as result of war,IP-302,-3
15min (15min.lt),IPs,10129,15min (15min.lt),IDPs migrate to Poland as result of war,IP-303,-3
15min (15min.lt),IPs,10129,15min (15min.lt),IDPs migrate to Poland as result of war,IP-304,-2
15min (15min.lt),IPs,10129,15min (15min.lt),IDPs migrate to Poland as result of war,IP-305,-2
15min (15min.lt),IPs,10129,15min (15min.lt),IDPs migrate to Poland as result of war,IP-306,-2
15min (15min.lt),IPs,10129,15min (15min.lt),IDPs migrate to Poland as result of war,IP-307,-1
15min (15min.lt),IPs,10129,15min (15min.lt),IDPs migrate to Poland as result of war,IP-308,-1
15min (15min.lt),IPs,10129,15min (15min.lt),IDPs migrate to Poland as result of war,IP-309,0
15min (15min.lt),IPs,10129,15min (15min.lt),IDPs migrate to Poland as result of war,IP-310,0
15min (15min.lt),IPs,10129,15min (15min.lt),IDPs migrate to Poland as result of war,IP-311,1
15min (15min.lt),IPs,10130,15min (15min.lt),Censorship of media by Donovia,IP-312,-2
15min (15min.lt),IPs,10131,15min (15min.lt),Censorship of media by Donovia,IP-313,-1
15min (15min.lt),IPs,10132,15min (15min.lt),Censorship of media by Donovia,IP-314,0
15min (15min.lt),IPs,10132,15min (15min.lt),Censorship of media by Donovia,IP-315,0
15min (15min.lt),IPs,10132,15min (15min.lt),Censorship of media by Donovia,IP-316,0
15min (15min.lt),IPs,10132,15min (15min.lt),Censorship of media by Donovia,IP-317,0
15min (15min.lt),IPs,10132,15min (15min.lt),Censorship of media by Donovia,IP-318,0
15min (15min.lt),IPs,10133,15min (15min.lt),Censorship of media by Donovia,IP-319,1
15min (15min.lt),IPs,10133,15min (15min.lt),Censorship of media by Donovia,IP-320,1
15min (15min.lt),IPs,10133,15min (15min.lt),Censorship of media by Donovia,IP-321,2
15min (15min.lt),IPs,10134,15min (15min.lt),Low Morale of Donovian soldiers,IP-322,-2
15min (15min.lt),IPs,10135,15min (15min.lt),Low Morale of Donovian soldiers,IP-323,-1
15min (15min.lt),IPs,10136,15min (15min.lt),Low Morale of Donovian soldiers,IP-324,0
15min (15min.lt),IPs,10136,15min (15min.lt),Low Morale of Donovian soldiers,IP-325,0
15min (15min.lt),IPs,10136,15min (15min.lt),Low Morale of Donovian soldiers,IP-326,0
15min (15min.lt),IPs,10136,15min (15min.lt),Low Morale of Donovian soldiers,IP-327,0
15min (15min.lt),IPs,10136,15min (15min.lt),Low Morale of Donovian soldiers,IP-328,0
15min (15min.lt),IPs,10137,15min (15min.lt),Low Morale of Donovian soldiers,IP-329,1
15min (15min.lt),IPs,10137,15min (15min.lt),Low Morale of Donovian soldiers,IP-330,1
15min (15min.lt),IPs,10138,15min (15min.lt),Low Morale of Donovian soldiers,IP-331,2
15min (15min.lt),IPs,10138,15min (15min.lt),Low Morale of Lithuanian civilians,IP-332,-3
15min (15min.lt),IPs,10139,15min (15min.lt),Low Morale of Lithuanian civilians,IP-333,-2
15min (15min.lt),IPs,10140,15min (15min.lt),Low Morale of Lithuanian civilians,IP-334,-1
15min (15min.lt),IPs,10140,15min (15min.lt),Low Morale of Lithuanian civilians,IP-335,-1
15min (15min.lt),IPs,10141,15min (15min.lt),Low Morale of Lithuanian civilians,IP-336,0
15min (15min.lt),IPs,10141,15min (15min.lt),Low Morale of Lithuanian civilians,IP-337,0
15min (15min.lt),IPs,10141,15min (15min.lt),Low Morale of Lithuanian civilians,IP-338,0
15min (15min.lt),IPs,10141,15min (15min.lt),Low Morale of Lithuanian civilians,IP-339,0
15min (15min.lt),IPs,10142,15min (15min.lt),Low Morale of Lithuanian civilians,IP-340,1
15min (15min.lt),IPs,10142,15min (15min.lt),Low Morale of Lithuanian civilians,IP-341,1
L24 (l24.lt),IPs,10143,L24 (l24.lt),NATO military actions in Lithuania,IP-342,-1
L24 (l24.lt),IPs,10144,L24 (l24.lt),NATO military actions in Lithuania,IP-343,0
L24 (l24.lt),IPs,10145,L24 (l24.lt),NATO military actions in Lithuania,IP-344,1
L24 (l24.lt),IPs,10145,L24 (l24.lt),NATO military actions in Lithuania,IP-345,1
L24 (l24.lt),IPs,10145,L24 (l24.lt),NATO military actions in Lithuania,IP-346,1
L24 (l24.lt),IPs,10146,L24 (l24.lt),NATO military actions in Lithuania,IP-347,2
L24 (l24.lt),IPs,10146,L24 (l24.lt),NATO military actions in Lithuania,IP-348,2
L24 (l24.lt),IPs,10146,L24 (l24.lt),NATO military actions in Lithuania,IP-349,2
L24 (l24.lt),IPs,10147,L24 (l24.lt),NATO military actions in Lithuania,IP-350,3
L24 (l24.lt),IPs,10147,L24 (l24.lt),NATO military actions in Lithuania,IP-351,3
L24 (l24.lt),IPs,10148,L24 (l24.lt),Donovian military actions in Lithuania,IP-352,-3
L24 (l24.lt),IPs,10148,L24 (l24.lt),Donovian military actions in Lithuania,IP-353,-3
L24 (l24.lt),IPs,10149,L24 (l24.lt),Donovian military actions in Lithuania,IP-354,-2
L24 (l24.lt),IPs,10149,L24 (l24.lt),Donovian military actions in Lithuania,IP-355,-2
L24 (l24.lt),IPs,10149,L24 (l24.lt),Donovian military actions in Lithuania,IP-356,-2
L24 (l24.lt),IPs,10150,L24 (l24.lt),Donovian military actions in Lithuania,IP-357,-1
L24 (l24.lt),IPs,10150,L24 (l24.lt),Donovian military actions in Lithuania,IP-358,-1
L24 (l24.lt),IPs,10150,L24 (l24.lt),Donovian military actions in Lithuania,IP-359,-1
L24 (l24.lt),IPs,10151,L24 (l24.lt),Donovian military actions in Lithuania,IP-360,0
L24 (l24.lt),IPs,10151,L24 (l24.lt),Donovian military actions in Lithuania,IP-361,0
L24 (l24.lt),IPs,10152,L24 (l24.lt),Article 5 invoked by NATO,IP-362,-1
L24 (l24.lt),IPs,10153,L24 (l24.lt),Article 5 invoked by NATO,IP-363,0
L24 (l24.lt),IPs,10154,L24 (l24.lt),Article 5 invoked by NATO,IP-364,1
L24 (l24.lt),IPs,10154,L24 (l24.lt),Article 5 invoked by NATO,IP-365,1
L24 (l24.lt),IPs,10154,L24 (l24.lt),Article 5 invoked by NATO,IP-366,1
L24 (l24.lt),IPs,10155,L24 (l24.lt),Article 5 invoked by NATO,IP-367,2
L24 (l24.lt),IPs,10155,L24 (l24.lt),Article 5 invoked by NATO,IP-368,2
L24 (l24.lt),IPs,10155,L24 (l24.lt),Article 5 invoked by NATO,IP-369,2
L24 (l24.lt),IPs,10156,L24 (l24.lt),Article 5 invoked by NATO,IP-370,3
L24 (l24.lt),IPs,10156,L24 (l24.lt),Article 5 invoked by NATO,IP-371,3
L24 (l24.lt),IPs,10157,L24 (l24.lt),Civil protests against Donovia,IP-372,-1
L24 (l24.lt),IPs,10158,L24 (l24.lt),Civil protests against Donovia,IP-373,0
L24 (l24.lt),IPs,10159,L24 (l24.lt),Civil protests against Donovia,IP-374,1
L24 (l24.lt),IPs,10159,L24 (l24.lt),Civil protests against Donovia,IP-375,1
L24 (l24.lt),IPs,10159,L24 (l24.lt),Civil protests against Donovia,IP-376,1
L24 (l24.lt),IPs,10160,L24 (l24.lt),Civil protests against Donovia,IP-377,2
L24 (l24.lt),IPs,10160,L24 (l24.lt),Civil protests against Donovia,IP-378,2
L24 (l24.lt),IPs,10160,L24 (l24.lt),Civil protests against Donovia,IP-379,2
L24 (l24.lt),IPs,10161,L24 (l24.lt),Civil protests against Donovia,IP-380,3
L24 (l24.lt),IPs,10161,L24 (l24.lt),Civil protests against Donovia,IP-381,3
L24 (l24.lt),IPs,10162,L24 (l24.lt),IDPs migrate within Lithuania as result of war,IP-382,-3
L24 (l24.lt),IPs,10162,L24 (l24.lt),IDPs migrate within Lithuania as result of war,IP-383,-3
L24 (l24.lt),IPs,10163,L24 (l24.lt),IDPs migrate within Lithuania as result of war,IP-384,-2
L24 (l24.lt),IPs,10163,L24 (l24.lt),IDPs migrate within Lithuania as result of war,IP-385,-2
L24 (l24.lt),IPs,10164,L24 (l24.lt),IDPs migrate within Lithuania as result of war,IP-386,-1
L24 (l24.lt),IPs,10164,L24 (l24.lt),IDPs migrate within Lithuania as result of war,IP-387,-1
L24 (l24.lt),IPs,10165,L24 (l24.lt),IDPs migrate within Lithuania as result of war,IP-388,0
L24 (l24.lt),IPs,10165,L24 (l24.lt),IDPs migrate within Lithuania as result of war,IP-389,0
L24 (l24.lt),IPs,10166,L24 (l24.lt),IDPs migrate within Lithuania as result of war,IP-390,1
L24 (l24.lt),IPs,10166,L24 (l24.lt),IDPs migrate within Lithuania as result of war,IP-391,1
L24 (l24.lt),IPs,10167,L24 (l24.lt),IDPs migrate to Poland as result of war,IP-392,-3
L24 (l24.lt),IPs,10168,L24 (l24.lt),IDPs migrate to Poland as result of war,IP-393,-2
L24 (l24.lt),IPs,10168,L24 (l24.lt),IDPs migrate to Poland as result of war,IP-394,-2
L24 (l24.lt),IPs,10168,L24 (l24.lt),IDPs migrate to Poland as result of war,IP-395,-2
L24 (l24.lt),IPs,10169,L24 (l24.lt),IDPs migrate to Poland as result of war,IP-396,-1
L24 (l24.lt),IPs,10169,L24 (l24.lt),IDPs migrate to Poland as result of war,IP-397,-1
L24 (l24.lt),IPs,10169,L24 (l24.lt),IDPs migrate to Poland as result of war,IP-398,-1
L24 (l24.lt),IPs,10170,L24 (l24.lt),IDPs migrate to Poland as result of war,IP-399,0
L24 (l24.lt),IPs,10170,L24 (l24.lt),IDPs migrate to Poland as result of war,IP-400,0
L24 (l24.lt),IPs,10171,L24 (l24.lt),IDPs migrate to Poland as result of war,IP-401,1
L24 (l24.lt),IPs,10172,L24 (l24.lt),Low Morale of Lithuanian civilians,IP-402,-3
L24 (l24.lt),IPs,10172,L24 (l24.lt),Low Morale of Lithuanian civilians,IP-403,-3
L24 (l24.lt),IPs,10173,L24 (l24.lt),Low Morale of Lithuanian civilians,IP-404,-2
L24 (l24.lt),IPs,10173,L24 (l24.lt),Low Morale of Lithuanian civilians,IP-405,-2
L24 (l24.lt),IPs,10173,L24 (l24.lt),Low Morale of Lithuanian civilians,IP-406,-2
L24 (l24.lt),IPs,10174,L24 (l24.lt),Low Morale of Lithuanian civilians,IP-407,-1
L24 (l24.lt),IPs,10174,L24 (l24.lt),Low Morale of Lithuanian civilians,IP-408,-1
L24 (l24.lt),IPs,10175,L24 (l24.lt),Low Morale of Lithuanian civilians,IP-409,0
L24 (l24.lt),IPs,10175,L24 (l24.lt),Low Morale of Lithuanian civilians,IP-410,0
L24 (l24.lt),IPs,10176,L24 (l24.lt),Low Morale of Lithuanian civilians,IP-411,1
L24 (l24.lt),IPs,10177,L24 (l24.lt),Low Morale of Polish civilians,IP-412,-3
L24 (l24.lt),IPs,10178,L24 (l24.lt),Low Morale of Polish civilians,IP-413,-2
L24 (l24.lt),IPs,10178,L24 (l24.lt),Low Morale of Polish civilians,IP-414,-2
L24 (l24.lt),IPs,10178,L24 (l24.lt),Low Morale of Polish civilians,IP-415,-2
L24 (l24.lt),IPs,10179,L24 (l24.lt),Low Morale of Polish civilians,IP-416,-1
L24 (l24.lt),IPs,10179,L24 (l24.lt),Low Morale of Polish civilians,IP-417,-1
L24 (l24.lt),IPs,10179,L24 (l24.lt),Low Morale of Polish civilians,IP-418,-1
L24 (l24.lt),IPs,10180,L24 (l24.lt),Low Morale of Polish civilians,IP-419,0
L24 (l24.lt),IPs,10180,L24 (l24.lt),Low Morale of Polish civilians,IP-420,0
L24 (l24.lt),IPs,10181,L24 (l24.lt),Low Morale of Polish civilians,IP-421,1
Delfi LT (delfi.lt),IPs,10182,Delfi LT (delfi.lt),NATO military actions in Lithuania,IP-422,-1
Delfi LT (delfi.lt),IPs,10183,Delfi LT (delfi.lt),NATO military actions in Lithuania,IP-423,0
Delfi LT (delfi.lt),IPs,10183,Delfi LT (delfi.lt),NATO military actions in Lithuania,IP-424,0
Delfi LT (delfi.lt),IPs,10184,Delfi LT (delfi.lt),NATO military actions in Lithuania,IP-425,1
Delfi LT (delfi.lt),IPs,10184,Delfi LT (delfi.lt),NATO military actions in Lithuania,IP-426,1
Delfi LT (delfi.lt),IPs,10185,Delfi LT (delfi.lt),NATO military actions in Lithuania,IP-427,2
Delfi LT (delfi.lt),IPs,10185,Delfi LT (delfi.lt),NATO military actions in Lithuania,IP-428,2
Delfi LT (delfi.lt),IPs,10185,Delfi LT (delfi.lt),NATO military actions in Lithuania,IP-429,2
Delfi LT (delfi.lt),IPs,10186,Delfi LT (delfi.lt),NATO military actions in Lithuania,IP-430,3
Delfi LT (delfi.lt),IPs,10186,Delfi LT (delfi.lt),NATO military actions in Lithuania,IP-431,3
Delfi LT (delfi.lt),IPs,10187,Delfi LT (delfi.lt),Donovian military actions in Lithuania,IP-432,-3
Delfi LT (delfi.lt),IPs,10187,Delfi LT (delfi.lt),Donovian military actions in Lithuania,IP-433,-3
Delfi LT (delfi.lt),IPs,10188,Delfi LT (delfi.lt),Donovian military actions in Lithuania,IP-434,-2
Delfi LT (delfi.lt),IPs,10188,Delfi LT (delfi.lt),Donovian military actions in Lithuania,IP-435,-2
Delfi LT (delfi.lt),IPs,10188,Delfi LT (delfi.lt),Donovian military actions in Lithuania,IP-436,-2
Delfi LT (delfi.lt),IPs,10189,Delfi LT (delfi.lt),Donovian military actions in Lithuania,IP-437,-1
Delfi LT (delfi.lt),IPs,10189,Delfi LT (delfi.lt),Donovian military actions in Lithuania,IP-438,-1
Delfi LT (delfi.lt),IPs,10190,Delfi LT (delfi.lt),Donovian military actions in Lithuania,IP-439,0
Delfi LT (delfi.lt),IPs,10190,Delfi LT (delfi.lt),Donovian military actions in Lithuania,IP-440,0
Delfi LT (delfi.lt),IPs,10191,Delfi LT (delfi.lt),Donovian military actions in Lithuania,IP-441,1
Delfi LT (delfi.lt),IPs,10192,Delfi LT (delfi.lt),Article 5 invoked by NATO,IP-442,-1
Delfi LT (delfi.lt),IPs,10193,Delfi LT (delfi.lt),Article 5 invoked by NATO,IP-443,0
Delfi LT (delfi.lt),IPs,10193,Delfi LT (delfi.lt),Article 5 invoked by NATO,IP-444,0
Delfi LT (delfi.lt),IPs,10194,Delfi LT (delfi.lt),Article 5 invoked by NATO,IP-445,1
Delfi LT (delfi.lt),IPs,10194,Delfi LT (delfi.lt),Article 5 invoked by NATO,IP-446,1
Delfi LT (delfi.lt),IPs,10195,Delfi LT (delfi.lt),Article 5 invoked by NATO,IP-447,2
Delfi LT (delfi.lt),IPs,10195,Delfi LT (delfi.lt),Article 5 invoked by NATO,IP-448,2
Delfi LT (delfi.lt),IPs,10195,Delfi LT (delfi.lt),Article 5 invoked by NATO,IP-449,2
Delfi LT (delfi.lt),IPs,10196,Delfi LT (delfi.lt),Article 5 invoked by NATO,IP-450,3
Delfi LT (delfi.lt),IPs,10196,Delfi LT (delfi.lt),Article 5 invoked by NATO,IP-451,3
Delfi LT (delfi.lt),IPs,10197,Delfi LT (delfi.lt),Civil protests against Donovia,IP-452,-1
Delfi LT (delfi.lt),IPs,10198,Delfi LT (delfi.lt),Civil protests against Donovia,IP-453,0
Delfi LT (delfi.lt),IPs,10198,Delfi LT (delfi.lt),Civil protests against Donovia,IP-454,0
Delfi LT (delfi.lt),IPs,10199,Delfi LT (delfi.lt),Civil protests against Donovia,IP-455,1
Delfi LT (delfi.lt),IPs,10199,Delfi LT (delfi.lt),Civil protests against Donovia,IP-456,1
Delfi LT (delfi.lt),IPs,10170,Delfi LT (delfi.lt),Civil protests against Donovia,IP-457,2
Delfi LT (delfi.lt),IPs,10170,Delfi LT (delfi.lt),Civil protests against Donovia,IP-458,2
Delfi LT (delfi.lt),IPs,10170,Delfi LT (delfi.lt),Civil protests against Donovia,IP-459,2
Delfi LT (delfi.lt),IPs,10171,Delfi LT (delfi.lt),Civil protests against Donovia,IP-460,3
Delfi LT (delfi.lt),IPs,10171,Delfi LT (delfi.lt),Civil protests against Donovia,IP-461,3
Delfi LT (delfi.lt),IPs,10172,Delfi LT (delfi.lt),IDPs migrate within Lithuania as result of war,IP-462,-3
Delfi LT (delfi.lt),IPs,10173,Delfi LT (delfi.lt),IDPs migrate within Lithuania as result of war,IP-463,-2
Delfi LT (delfi.lt),IPs,10174,Delfi LT (delfi.lt),IDPs migrate within Lithuania as result of war,IP-464,-1
Delfi LT (delfi.lt),IPs,10174,Delfi LT (delfi.lt),IDPs migrate within Lithuania as result of war,IP-465,-1
Delfi LT (delfi.lt),IPs,10174,Delfi LT (delfi.lt),IDPs migrate within Lithuania as result of war,IP-466,-1
Delfi LT (delfi.lt),IPs,10175,Delfi LT (delfi.lt),IDPs migrate within Lithuania as result of war,IP-467,0
Delfi LT (delfi.lt),IPs,10175,Delfi LT (delfi.lt),IDPs migrate within Lithuania as result of war,IP-468,0
Delfi LT (delfi.lt),IPs,10176,Delfi LT (delfi.lt),IDPs migrate within Lithuania as result of war,IP-469,1
Delfi LT (delfi.lt),IPs,10177,Delfi LT (delfi.lt),IDPs migrate within Lithuania as result of war,IP-470,2
Delfi LT (delfi.lt),IPs,10178,Delfi LT (delfi.lt),IDPs migrate within Lithuania as result of war,IP-471,3
Delfi LT (delfi.lt),IPs,10179,Delfi LT (delfi.lt),IDPs migrate to Poland as result of war,IP-472,-3
Delfi LT (delfi.lt),IPs,10180,Delfi LT (delfi.lt),IDPs migrate to Poland as result of war,IP-473,-2
Delfi LT (delfi.lt),IPs,10181,Delfi LT (delfi.lt),IDPs migrate to Poland as result of war,IP-474,-1
Delfi LT (delfi.lt),IPs,10181,Delfi LT (delfi.lt),IDPs migrate to Poland as result of war,IP-475,-1
Delfi LT (delfi.lt),IPs,10181,Delfi LT (delfi.lt),IDPs migrate to Poland as result of war,IP-476,-1
Delfi LT (delfi.lt),IPs,10182,Delfi LT (delfi.lt),IDPs migrate to Poland as result of war,IP-477,0
Delfi LT (delfi.lt),IPs,10182,Delfi LT (delfi.lt),IDPs migrate to Poland as result of war,IP-478,0
Delfi LT (delfi.lt),IPs,10183,Delfi LT (delfi.lt),IDPs migrate to Poland as result of war,IP-479,1
Delfi LT (delfi.lt),IPs,10184,Delfi LT (delfi.lt),IDPs migrate to Poland as result of war,IP-480,2
Delfi LT (delfi.lt),IPs,10185,Delfi LT (delfi.lt),IDPs migrate to Poland as result of war,IP-481,3
Delfi LT (delfi.lt),IPs,10185,Delfi LT (delfi.lt),NATO war crimes,IP-482,-3
Delfi LT (delfi.lt),IPs,10185,Delfi LT (delfi.lt),NATO war crimes,IP-483,-2
Delfi LT (delfi.lt),IPs,10185,Delfi LT (delfi.lt),NATO war crimes,IP-484,-2
Delfi LT (delfi.lt),IPs,10185,Delfi LT (delfi.lt),NATO war crimes,IP-485,-1
Delfi LT (delfi.lt),IPs,10185,Delfi LT (delfi.lt),NATO war crimes,IP-486,-1
Delfi LT (delfi.lt),IPs,10185,Delfi LT (delfi.lt),NATO war crimes,IP-487,-1
Delfi LT (delfi.lt),IPs,10185,Delfi LT (delfi.lt),NATO war crimes,IP-488,-1
Delfi LT (delfi.lt),IPs,10185,Delfi LT (delfi.lt),NATO war crimes,IP-489,0
Delfi LT (delfi.lt),IPs,10185,Delfi LT (delfi.lt),NATO war crimes,IP-490,0
Delfi LT (delfi.lt),IPs,10185,Delfi LT (delfi.lt),NATO war crimes,IP-491,1
Delfi LT (delfi.lt),IPs,10186,Delfi LT (delfi.lt),Donovian war crimes,IP-492,-3
Delfi LT (delfi.lt),IPs,10186,Delfi LT (delfi.lt),Donovian war crimes,IP-493,-3
Delfi LT (delfi.lt),IPs,10187,Delfi LT (delfi.lt),Donovian war crimes,IP-494,-2
Delfi LT (delfi.lt),IPs,10187,Delfi LT (delfi.lt),Donovian war crimes,IP-495,-2
Delfi LT (delfi.lt),IPs,10188,Delfi LT (delfi.lt),Donovian war crimes,IP-496,-1
Delfi LT (delfi.lt),IPs,10188,Delfi LT (delfi.lt),Donovian war crimes,IP-497,-1
Delfi LT (delfi.lt),IPs,10188,Delfi LT (delfi.lt),Donovian war crimes,IP-498,-1
Delfi LT (delfi.lt),IPs,10189,Delfi LT (delfi.lt),Donovian war crimes,IP-499,0
Delfi LT (delfi.lt),IPs,10189,Delfi LT (delfi.lt),Donovian war crimes,IP-500,0
Delfi LT (delfi.lt),IPs,10190,Delfi LT (delfi.lt),Donovian war crimes,IP-501,1
